age,income,loan_amount,loan_term,credit_score,employment_status,housing_status,default
45,90150,12645,48,707,Self-employed,Own,0
33,57277,19626,12,681,Self-employed,Rent,0
36,73818,17877,36,750,Employed,Own,0
41,46339,15098,24,642,Employed,Own,0
37,51405,17538,36,657,Unemployed,Rent,0
52,65212,19167,36,693,Employed,Own,0
60,80637,23518,36,776,Self-employed,Mortgage,0
48,62284,17201,24,728,Unemployed,Rent,0
39,42411,21491,36,661,Employed,Mortgage,0
35,54688,19968,60,720,Employed,Rent,0
35,66138,20009,12,607,Self-employed,Rent,0
47,42648,22685,12,712,Self-employed,Rent,0
43,64090,19669,12,752,Employed,Rent,0
45,71340,11065,36,693,Unemployed,Rent,0
23,60119,17222,24,688,Employed,Mortgage,0
35,77736,24049,36,685,Unemployed,Mortgage,0
50,30597,25557,48,716,Self-employed,Own,0
35,56378,10576,12,703,Self-employed,Rent,0
30,69548,16424,12,675,Unemployed,Rent,0
51,53459,16686,12,672,Self-employed,Own,0
26,67581,21552,24,669,Self-employed,Own,0
20,61446,22746,24,673,Self-employed,Mortgage,0
27,37620,18495,60,701,Self-employed,Own,0
58,60855,24840,60,687,Employed,Rent,0
22,54227,26086,60,672,Employed,Own,0
39,60809,15219,48,783,Unemployed,Own,0
36,57611,22922,24,714,Self-employed,Rent,0
38,53428,21767,24,709,Employed,Mortgage,0
58,48494,22333,36,736,Employed,Own,0
33,68391,29785,36,720,Employed,Mortgage,0
38,68691,18364,12,638,Unemployed,Own,0
36,84350,18962,48,671,Self-employed,Rent,0
35,43179,28773,36,637,Employed,Own,0
48,68505,19065,48,644,Self-employed,Mortgage,0
34,60457,28525,48,652,Unemployed,Own,0
48,49435,15239,24,737,Employed,Mortgage,0
37,54719,17576,24,752,Self-employed,Mortgage,0
39,42164,23563,48,746,Self-employed,Mortgage,0
32,66744,24296,60,691,Self-employed,Mortgage,0
37,35343,16288,12,647,Unemployed,Rent,0
22,64217,20986,60,695,Unemployed,Rent,0
38,82717,21650,36,647,Self-employed,Own,0
31,47962,27567,36,727,Self-employed,Rent,0
48,59016,25786,12,810,Employed,Own,0
30,78217,19232,48,825,Employed,Own,0
47,43220,24049,24,744,Unemployed,Mortgage,0
28,73093,10672,60,641,Employed,Own,0
30,26399,20626,60,669,Employed,Mortgage,0
47,68651,20823,60,805,Unemployed,Own,0
56,32629,13976,12,636,Self-employed,Rent,0
19,64469,24633,36,781,Self-employed,Rent,0
44,75053,24619,60,721,Employed,Own,0
31,56865,22273,36,695,Unemployed,Rent,0
48,67819,14933,36,662,Self-employed,Rent,0
37,50239,21825,48,637,Unemployed,Own,0
32,74444,25375,24,710,Unemployed,Rent,0
53,62033,30100,36,666,Self-employed,Mortgage,0
35,20974,36620,36,564,Employed,Mortgage,1
49,79696,11399,60,754,Unemployed,Mortgage,0
38,36905,15927,12,724,Employed,Mortgage,0
42,58674,17838,24,755,Unemployed,Own,0
50,79346,20603,48,707,Employed,Rent,0
52,59084,20754,24,825,Self-employed,Rent,0
32,59976,16254,36,719,Self-employed,Own,0
27,68187,21843,24,658,Unemployed,Rent,0
25,78327,16701,60,721,Employed,Own,0
59,31721,14484,36,645,Self-employed,Mortgage,0
24,69596,24123,24,711,Self-employed,Own,0
50,26263,16284,12,756,Self-employed,Own,0
31,48962,19410,24,697,Unemployed,Rent,0
57,45941,16911,48,704,Self-employed,Mortgage,0
44,61451,24191,12,696,Employed,Rent,0
45,47919,18336,24,649,Self-employed,Mortgage,0
28,51864,25179,60,713,Self-employed,Rent,0
42,77134,16481,60,703,Unemployed,Mortgage,0
38,25854,15657,48,717,Unemployed,Mortgage,0
46,62939,18011,24,708,Self-employed,Own,0
49,84466,20595,48,791,Self-employed,Rent,0
38,63359,19668,48,600,Employed,Rent,0
24,85831,17359,48,658,Unemployed,Rent,0
50,77452,21059,24,659,Self-employed,Own,0
42,62545,8632,12,671,Employed,Rent,0
49,48053,14939,48,606,Unemployed,Mortgage,0
48,49498,15318,48,754,Employed,Rent,0
41,53228,15857,48,698,Self-employed,Own,0
39,75575,23920,60,764,Employed,Mortgage,0
31,54050,20759,12,751,Unemployed,Rent,0
23,46585,21182,36,672,Unemployed,Rent,0
45,57475,23303,24,758,Unemployed,Rent,0
36,52463,20928,60,718,Self-employed,Own,0
55,50664,19074,60,716,Unemployed,Rent,0
64,42382,22124,24,750,Unemployed,Mortgage,0
42,86547,19066,60,689,Unemployed,Own,0
40,42181,17698,48,739,Employed,Mortgage,0
31,71693,14080,36,722,Employed,Own,0
35,67200,22088,48,670,Unemployed,Own,0
46,34543,21901,60,704,Unemployed,Rent,0
67,59494,13509,24,667,Self-employed,Mortgage,0
31,55446,13242,60,740,Self-employed,Rent,0
27,83592,21625,36,707,Unemployed,Mortgage,0
31,56925,14171,36,754,Unemployed,Rent,0
37,57531,22102,36,683,Self-employed,Own,0
38,47179,26169,24,641,Self-employed,Rent,0
52,36985,22270,60,750,Employed,Own,0
48,72513,27986,60,654,Self-employed,Own,0
53,63794,25564,36,754,Self-employed,Rent,0
29,65438,15060,24,695,Unemployed,Rent,0
39,60230,15464,36,765,Self-employed,Rent,0
37,42410,12368,36,644,Unemployed,Mortgage,0
34,60046,19269,36,694,Unemployed,Own,0
41,50291,18955,12,692,Self-employed,Mortgage,0
50,29415,17564,60,662,Unemployed,Own,0
33,55729,12118,48,642,Employed,Mortgage,0
35,58598,12234,24,743,Self-employed,Own,0
52,57166,21628,60,711,Employed,Rent,0
34,53523,25324,48,752,Employed,Mortgage,0
37,51991,22045,24,777,Employed,Rent,0
43,67833,18114,48,660,Self-employed,Rent,0
34,77429,23755,48,683,Employed,Own,0
43,36012,29066,60,636,Employed,Own,0
38,51965,20614,24,677,Self-employed,Own,0
34,79686,17665,48,740,Self-employed,Rent,0
43,41399,21410,12,656,Employed,Own,0
25,44340,19698,36,758,Self-employed,Own,0
57,50302,20785,24,570,Employed,Own,0
41,57122,16563,60,672,Self-employed,Rent,0
32,81485,22685,24,713,Employed,Rent,0
35,55436,22673,60,695,Employed,Mortgage,0
45,49120,24080,60,736,Employed,Own,0
54,76654,29695,12,676,Self-employed,Rent,0
29,79589,23223,12,776,Employed,Own,0
37,51484,25191,24,739,Employed,Rent,0
49,42434,26598,12,692,Employed,Own,0
50,38752,17486,24,736,Self-employed,Rent,0
41,59116,30550,24,721,Unemployed,Mortgage,0
45,56079,27737,12,685,Employed,Mortgage,0
40,77241,16416,60,674,Unemployed,Mortgage,0
35,68993,14008,12,672,Employed,Mortgage,0
35,57540,28011,24,747,Employed,Own,0
47,60887,28357,24,689,Self-employed,Rent,0
46,65109,23894,36,744,Self-employed,Own,0
35,59060,22700,60,760,Employed,Own,0
29,100963,19876,24,668,Unemployed,Rent,0
21,90908,29673,48,708,Unemployed,Rent,0
32,72849,14956,48,758,Employed,Rent,0
36,53050,19670,36,707,Self-employed,Rent,0
38,58468,16745,36,674,Employed,Own,0
45,45502,17886,48,737,Unemployed,Rent,0
47,67934,26106,60,714,Self-employed,Own,0
41,49382,19359,60,688,Self-employed,Own,0
32,76508,13616,24,754,Employed,Own,0
43,51201,20502,24,759,Employed,Rent,0
39,40078,16603,36,706,Employed,Rent,0
56,70230,13183,48,645,Unemployed,Own,0
41,40644,22308,36,670,Employed,Rent,0
36,43328,20562,60,712,Employed,Own,0
45,61350,11657,24,796,Self-employed,Own,0
41,60452,17685,36,692,Self-employed,Mortgage,0
25,46722,9192,12,638,Unemployed,Own,0
64,74279,21146,24,700,Self-employed,Mortgage,0
30,65261,25823,48,702,Employed,Mortgage,0
31,52715,22225,48,749,Unemployed,Mortgage,0
36,66325,14890,12,611,Self-employed,Mortgage,0
40,53471,13969,12,743,Self-employed,Own,0
39,47358,18138,60,688,Unemployed,Mortgage,0
29,66424,11304,48,679,Self-employed,Mortgage,0
15,81158,22705,48,687,Unemployed,Rent,0
39,63450,21542,60,695,Unemployed,Own,0
42,45286,16786,60,700,Employed,Mortgage,0
50,63554,13358,36,722,Self-employed,Mortgage,0
17,71016,19566,48,642,Self-employed,Rent,0
48,56683,16052,24,705,Self-employed,Rent,0
50,51315,17181,24,778,Self-employed,Mortgage,0
44,58125,27147,36,568,Employed,Mortgage,0
31,61524,6576,24,692,Unemployed,Mortgage,0
40,67543,26451,12,698,Employed,Rent,0
33,60235,8043,24,671,Employed,Rent,0
40,94330,27222,24,775,Unemployed,Mortgage,0
42,35566,25858,36,700,Employed,Rent,0
46,60540,18294,24,683,Employed,Mortgage,0
29,58356,26222,12,695,Unemployed,Mortgage,0
22,73537,15962,36,751,Unemployed,Rent,0
30,61176,21033,60,735,Self-employed,Rent,0
26,80958,26446,48,670,Self-employed,Mortgage,0
36,76910,22667,48,712,Self-employed,Rent,0
40,66803,27811,60,672,Employed,Own,0
35,63988,20948,48,749,Self-employed,Mortgage,0
52,60454,15133,60,810,Self-employed,Mortgage,0
45,50266,16038,60,783,Self-employed,Rent,0
49,55396,13724,48,624,Self-employed,Mortgage,0
43,63548,19865,48,731,Employed,Own,0
49,78415,14408,12,670,Unemployed,Mortgage,0
23,69890,22615,36,601,Unemployed,Own,0
35,56416,22113,36,658,Self-employed,Own,0
51,77494,25668,24,689,Unemployed,Rent,0
40,85216,28746,48,703,Self-employed,Own,0
42,51249,25949,36,664,Unemployed,Rent,0
45,63769,14850,12,775,Employed,Own,0
34,78657,23459,36,809,Employed,Rent,0
44,81680,18971,48,714,Self-employed,Mortgage,0
28,90051,24050,60,701,Self-employed,Own,0
38,48474,23120,48,617,Employed,Mortgage,0
52,71743,18845,36,669,Employed,Rent,0
38,68051,14959,36,768,Unemployed,Rent,0
27,74421,16486,48,767,Self-employed,Rent,0
42,55445,23353,48,738,Employed,Rent,0
58,61628,13775,48,692,Employed,Mortgage,0
46,57311,20647,24,768,Self-employed,Rent,0
31,50939,20660,48,748,Employed,Rent,0
22,62749,27145,24,697,Self-employed,Mortgage,0
52,50985,23384,48,677,Employed,Rent,0
41,64016,13653,36,626,Employed,Own,0
45,50551,25143,60,791,Self-employed,Mortgage,0
38,63756,17768,24,719,Self-employed,Rent,0
33,52098,22368,12,813,Unemployed,Own,0
38,78369,26238,36,693,Unemployed,Rent,0
24,35904,11726,24,669,Employed,Own,0
53,53836,13888,48,663,Self-employed,Rent,0
50,35511,19514,48,676,Self-employed,Own,0
52,53406,24405,48,738,Unemployed,Mortgage,0
43,60940,17526,12,725,Unemployed,Mortgage,0
34,39334,14078,60,650,Employed,Rent,0
52,89725,26432,36,727,Employed,Mortgage,0
38,45994,19791,36,730,Unemployed,Own,0
49,66320,24260,24,701,Self-employed,Rent,0
46,31012,34421,60,681,Unemployed,Mortgage,1
24,61250,21780,24,712,Self-employed,Own,0
47,63157,18073,48,710,Unemployed,Mortgage,0
43,47696,20886,48,761,Employed,Rent,0
50,38308,14278,48,754,Unemployed,Own,0
51,33934,20218,12,784,Unemployed,Own,0
38,38931,28131,12,637,Unemployed,Rent,0
40,46157,15969,24,695,Self-employed,Mortgage,0
37,63055,25525,24,654,Self-employed,Mortgage,0
53,61012,16192,36,787,Self-employed,Mortgage,0
47,64614,13156,48,671,Unemployed,Mortgage,0
28,60959,23964,36,781,Unemployed,Own,0
32,76883,16848,12,670,Unemployed,Mortgage,0
46,52087,26328,36,719,Unemployed,Rent,0
18,60578,25068,12,669,Unemployed,Own,0
55,8628,33494,36,498,Employed,Rent,1
43,92336,23451,48,671,Unemployed,Own,0
31,65692,19030,48,612,Self-employed,Own,0
26,49293,13930,60,699,Unemployed,Own,0
36,61329,18528,60,693,Self-employed,Rent,0
31,58872,10527,48,711,Unemployed,Mortgage,0
49,18396,23538,36,760,Unemployed,Mortgage,0
52,37008,20258,36,618,Unemployed,Rent,0
48,56209,21966,60,646,Unemployed,Mortgage,0
47,25459,26248,60,824,Unemployed,Own,0
26,70199,21694,36,673,Unemployed,Rent,0
40,60253,17192,48,747,Employed,Own,0
44,82230,18691,36,631,Self-employed,Mortgage,0
41,67725,18613,24,687,Self-employed,Rent,0
63,38252,22691,60,641,Self-employed,Rent,0
37,73193,13570,12,686,Employed,Mortgage,0
40,59130,16556,24,621,Employed,Rent,0
29,81825,17846,12,767,Employed,Rent,0
30,45029,12917,24,786,Unemployed,Own,0
37,31663,31400,36,571,Employed,Own,1
56,76142,24029,48,683,Unemployed,Mortgage,0
50,54323,27064,48,718,Unemployed,Mortgage,0
47,71596,23099,24,647,Unemployed,Mortgage,0
44,78117,29096,24,683,Employed,Mortgage,0
34,47795,17804,36,807,Employed,Rent,0
33,63607,24325,48,652,Self-employed,Mortgage,0
47,57740,19776,12,743,Self-employed,Mortgage,0
30,64929,20771,48,674,Employed,Rent,0
55,40248,20705,36,647,Employed,Rent,0
40,73503,28559,48,771,Unemployed,Mortgage,0
49,63706,30143,24,722,Self-employed,Own,0
43,67494,17881,36,724,Self-employed,Rent,0
42,68767,18916,48,683,Employed,Own,0
19,54491,25291,24,775,Employed,Own,0
44,44484,16911,36,641,Unemployed,Mortgage,0
45,25624,26184,60,591,Employed,Rent,1
35,43941,25185,36,687,Employed,Mortgage,0
57,74890,15943,60,667,Unemployed,Mortgage,0
41,70877,17010,36,674,Unemployed,Rent,0
55,49602,21876,36,762,Unemployed,Rent,0
32,55996,27173,60,638,Self-employed,Rent,0
40,78199,18971,48,667,Unemployed,Rent,0
48,64399,24977,12,747,Self-employed,Rent,0
39,64273,16573,48,772,Employed,Rent,0
27,66959,24102,48,753,Unemployed,Rent,0
47,60103,20090,48,677,Unemployed,Mortgage,0
38,57899,17537,24,694,Unemployed,Own,0
47,65229,28723,36,668,Self-employed,Own,0
50,55497,17153,36,764,Employed,Mortgage,0
23,42665,14263,12,684,Employed,Mortgage,0
44,72650,21680,36,632,Self-employed,Mortgage,0
40,38809,27955,12,673,Unemployed,Mortgage,0
35,96221,27150,48,796,Self-employed,Rent,0
45,63085,9539,12,766,Unemployed,Rent,0
38,44417,27841,36,743,Employed,Own,0
37,73502,25429,12,582,Self-employed,Rent,0
60,78046,15743,36,720,Unemployed,Own,0
60,74217,14272,36,650,Self-employed,Mortgage,0
47,35635,40285,12,664,Unemployed,Own,1
56,68450,11983,48,683,Unemployed,Mortgage,0
46,59521,22644,12,683,Employed,Rent,0
28,87927,18052,60,657,Employed,Mortgage,0
31,55442,17635,12,652,Employed,Rent,0
42,50628,9275,48,750,Employed,Own,0
44,56013,16588,12,719,Self-employed,Own,0
37,80545,17430,36,634,Employed,Own,0
35,81834,12125,60,778,Self-employed,Own,0
38,62872,15912,12,680,Self-employed,Mortgage,0
24,35206,19658,12,671,Employed,Own,0
28,67251,17895,60,723,Employed,Rent,0
48,87118,13823,36,714,Employed,Rent,0
39,50572,21342,12,742,Unemployed,Rent,0
39,59324,23089,48,670,Unemployed,Own,0
40,57234,21660,24,691,Self-employed,Own,0
51,41199,20560,48,705,Self-employed,Rent,0
29,71571,18560,48,665,Employed,Own,0
22,50243,22842,24,643,Unemployed,Rent,0
60,39891,15678,12,714,Employed,Mortgage,0
63,61553,25647,36,696,Employed,Own,0
33,53421,18741,24,757,Self-employed,Rent,0
49,32638,16749,24,671,Self-employed,Rent,0
40,38465,19901,60,629,Unemployed,Rent,0
42,50392,14072,60,629,Self-employed,Own,0
35,30958,18967,36,705,Unemployed,Mortgage,0
44,43581,15110,24,682,Unemployed,Mortgage,0
53,53598,19077,24,744,Self-employed,Mortgage,0
39,51078,15677,36,696,Self-employed,Mortgage,0
45,59789,20883,12,663,Unemployed,Own,0
15,28982,19249,48,766,Employed,Own,0
34,41432,25876,48,720,Employed,Own,0
42,69167,17099,12,747,Unemployed,Mortgage,0
55,53177,20387,60,614,Self-employed,Rent,0
20,65660,10571,36,738,Employed,Own,0
45,61887,22802,60,705,Unemployed,Own,0
44,51984,38692,24,557,Employed,Rent,1
41,70203,14458,60,759,Unemployed,Own,0
47,58417,18102,36,716,Employed,Rent,0
38,59919,27208,36,796,Self-employed,Mortgage,0
38,77909,23177,24,713,Self-employed,Mortgage,0
65,49364,26982,36,683,Self-employed,Rent,0
40,46613,15415,60,763,Self-employed,Mortgage,0
53,68835,23965,36,681,Unemployed,Mortgage,0
27,56092,12298,12,669,Self-employed,Rent,0
49,49487,17094,24,765,Unemployed,Rent,0
50,52280,24153,12,728,Employed,Own,0
43,84463,20498,36,654,Employed,Rent,0
50,32538,19538,24,657,Employed,Rent,0
43,63177,22531,36,706,Employed,Mortgage,0
25,46941,14149,12,746,Self-employed,Mortgage,0
34,75055,13493,48,700,Employed,Mortgage,0
63,55398,17972,48,659,Unemployed,Rent,0
38,72946,14414,24,731,Employed,Own,0
29,70734,23575,36,666,Unemployed,Rent,0
27,83009,19101,60,669,Unemployed,Own,0
37,63106,19242,60,625,Self-employed,Own,0
31,48269,24154,24,695,Employed,Rent,0
38,64148,26936,60,597,Unemployed,Mortgage,0
32,59894,25244,24,732,Self-employed,Rent,0
35,41211,19583,24,819,Unemployed,Rent,0
63,64715,22347,60,713,Self-employed,Mortgage,0
42,72417,22664,12,738,Self-employed,Own,0
36,63975,12370,36,605,Unemployed,Own,0
43,48976,13984,60,693,Self-employed,Own,0
32,38837,18594,12,784,Self-employed,Mortgage,0
26,75465,26893,48,770,Self-employed,Own,0
47,59536,26372,12,643,Self-employed,Mortgage,0
44,72684,15775,12,726,Self-employed,Mortgage,0
40,65425,18156,12,693,Self-employed,Rent,0
29,79319,24051,36,738,Self-employed,Rent,0
44,63988,19457,60,706,Unemployed,Mortgage,0
58,41497,20162,48,757,Employed,Own,0
45,61605,14307,36,761,Self-employed,Rent,0
55,36945,23143,48,759,Unemployed,Own,0
38,85902,29916,48,630,Employed,Rent,0
55,12735,32696,36,593,Self-employed,Rent,1
36,65142,10178,60,696,Unemployed,Rent,0
37,65325,18321,48,606,Self-employed,Rent,0
30,76891,19462,12,775,Employed,Mortgage,0
38,61601,22116,36,768,Employed,Mortgage,0
41,54572,17439,24,697,Self-employed,Own,0
36,16675,25409,36,702,Unemployed,Rent,0
58,59968,23570,60,743,Employed,Rent,0
37,45533,16719,48,703,Unemployed,Own,0
33,67616,20166,36,694,Self-employed,Rent,0
34,44451,27298,48,683,Employed,Mortgage,0
47,48548,23265,12,626,Self-employed,Own,0
52,40002,18805,12,634,Self-employed,Rent,0
39,93340,26962,60,693,Self-employed,Rent,0
34,17512,27322,24,638,Self-employed,Rent,0
42,87603,22007,24,647,Employed,Mortgage,0
40,38892,13372,60,820,Self-employed,Rent,0
48,64449,14330,12,685,Employed,Mortgage,0
37,45517,11488,36,728,Self-employed,Own,0
42,80961,30938,60,689,Self-employed,Rent,0
40,86893,17699,24,695,Employed,Own,0
53,61807,18811,24,694,Employed,Mortgage,0
26,65080,19917,24,702,Employed,Mortgage,0
67,54755,14484,12,692,Self-employed,Rent,0
41,33990,22010,36,684,Unemployed,Mortgage,0
69,55198,21370,48,736,Unemployed,Own,0
34,76096,24854,60,563,Employed,Own,0
43,57586,8346,48,755,Employed,Rent,0
16,67671,27630,60,814,Employed,Own,0
47,69037,27565,48,707,Employed,Mortgage,0
61,65586,24833,48,782,Unemployed,Rent,0
29,44783,11350,12,679,Self-employed,Mortgage,0
34,57676,22147,36,663,Self-employed,Own,0
39,47193,18925,36,758,Self-employed,Own,0
31,68549,21081,36,679,Self-employed,Rent,0
50,51872,16509,12,687,Self-employed,Own,0
41,58760,18526,36,617,Unemployed,Rent,0
69,57579,12397,48,746,Self-employed,Rent,0
48,67330,22694,60,723,Self-employed,Rent,0
40,52393,20966,24,704,Self-employed,Own,0
41,63434,18492,48,602,Self-employed,Mortgage,0
34,56697,10409,48,766,Unemployed,Own,0
24,69799,21443,60,720,Employed,Mortgage,0
37,41078,16800,48,767,Employed,Own,0
37,41004,14610,12,666,Employed,Own,0
47,30939,23719,48,615,Unemployed,Rent,0
30,10077,36656,48,511,Employed,Own,1
22,49958,14684,48,696,Employed,Rent,0
42,83521,13577,24,669,Self-employed,Rent,0
53,51802,25541,48,752,Self-employed,Rent,0
29,46709,9298,12,690,Unemployed,Own,0
33,58711,22839,12,638,Self-employed,Mortgage,0
32,68632,15029,36,751,Self-employed,Rent,0
51,83288,21277,24,625,Employed,Own,0
36,45505,25947,12,746,Unemployed,Rent,0
52,54126,15018,24,641,Employed,Rent,0
49,47056,14491,24,664,Employed,Own,0
40,73328,20079,36,651,Self-employed,Mortgage,0
35,64561,21582,48,646,Self-employed,Own,0
44,75494,12911,24,685,Self-employed,Own,0
38,45088,16753,12,729,Self-employed,Own,0
42,29797,31615,60,519,Self-employed,Mortgage,1
44,79710,18195,60,750,Self-employed,Rent,0
32,72190,16506,24,709,Unemployed,Own,0
34,62884,17536,36,657,Employed,Own,0
39,78376,23148,48,665,Employed,Rent,0
48,62557,21142,24,671,Self-employed,Own,0
28,57007,20491,24,662,Unemployed,Mortgage,0
46,57606,17673,48,714,Self-employed,Mortgage,0
24,64754,29099,12,747,Self-employed,Mortgage,0
37,73219,21089,60,623,Employed,Mortgage,0
44,77231,25222,36,797,Unemployed,Mortgage,0
45,70011,22746,48,691,Employed,Own,0
55,45139,15974,60,646,Unemployed,Own,0
35,71688,22693,36,715,Employed,Mortgage,0
37,50260,21306,48,749,Self-employed,Rent,0
40,56171,23797,12,654,Unemployed,Own,0
33,54946,14412,48,684,Self-employed,Rent,0
49,81697,16246,48,780,Self-employed,Rent,0
56,70520,12101,48,726,Unemployed,Own,0
33,51545,13504,24,723,Unemployed,Own,0
38,41818,23459,60,613,Unemployed,Mortgage,0
39,76517,28563,48,742,Self-employed,Rent,0
49,73487,25564,36,714,Employed,Own,0
18,76131,22262,48,672,Employed,Mortgage,0
35,62716,22713,36,689,Employed,Rent,0
32,53186,16524,24,699,Employed,Rent,0
50,62088,13839,36,655,Unemployed,Own,0
56,57519,17654,12,737,Employed,Own,0
27,44506,22437,36,708,Employed,Own,0
32,63909,25534,36,654,Unemployed,Rent,0
47,87699,17350,36,724,Employed,Mortgage,0
30,78092,22239,36,657,Employed,Rent,0
34,49680,21649,36,720,Self-employed,Rent,0
28,61106,18585,36,703,Self-employed,Own,0
55,57075,22999,48,704,Self-employed,Own,0
41,48736,14908,12,703,Unemployed,Rent,0
30,74563,23192,24,699,Employed,Own,0
49,36888,25767,12,637,Unemployed,Mortgage,0
40,45744,27890,48,616,Employed,Mortgage,0
49,71187,23278,12,705,Unemployed,Own,0
38,66118,26852,24,727,Unemployed,Own,0
39,49356,18830,36,711,Self-employed,Own,0
30,60347,16816,12,751,Employed,Own,0
31,47401,21578,60,734,Self-employed,Rent,0
37,64562,20334,60,593,Employed,Mortgage,0
18,78855,23202,36,643,Unemployed,Own,0
40,31318,18685,36,663,Self-employed,Own,0
35,57784,33074,12,594,Self-employed,Rent,1
31,64169,11923,48,695,Unemployed,Own,0
45,52343,22073,24,701,Unemployed,Mortgage,0
36,56214,6805,60,782,Unemployed,Own,0
40,75077,18909,36,704,Self-employed,Own,0
54,46115,15936,36,620,Unemployed,Mortgage,0
27,91767,17011,36,740,Self-employed,Mortgage,0
44,46212,21691,48,749,Employed,Own,0
50,77487,18649,24,781,Self-employed,Own,0
42,30670,18538,36,644,Employed,Rent,0
31,77642,15538,36,710,Employed,Rent,0
50,57985,20189,36,680,Self-employed,Own,0
45,76738,16659,12,691,Employed,Rent,0
38,46275,23896,36,723,Unemployed,Mortgage,0
38,77211,15060,12,636,Employed,Own,0
31,61896,16528,24,708,Self-employed,Own,0
37,100739,22830,48,772,Self-employed,Own,0
37,89355,15819,60,711,Unemployed,Rent,0
35,63977,15522,60,719,Unemployed,Own,0
53,69441,24789,48,697,Employed,Mortgage,0
46,43346,14913,48,633,Unemployed,Mortgage,0
53,57978,30403,12,631,Unemployed,Mortgage,0
40,53547,16335,60,676,Self-employed,Rent,0
48,74326,20899,12,699,Unemployed,Rent,0
48,32849,25962,48,674,Self-employed,Rent,0
15,67171,16902,48,742,Employed,Rent,0
28,65028,19325,36,627,Self-employed,Rent,0
41,52635,33423,36,621,Unemployed,Mortgage,0
47,73686,17326,12,672,Employed,Mortgage,0
48,54592,25371,24,799,Self-employed,Own,0
53,86989,24630,36,701,Self-employed,Own,0
34,11687,39656,12,538,Employed,Own,1
54,69106,20437,12,694,Self-employed,Own,0
22,63100,13542,12,636,Employed,Mortgage,0
37,60758,17007,24,693,Employed,Own,0
35,61219,18547,60,689,Unemployed,Rent,0
34,75877,25090,12,734,Employed,Own,0
44,64148,18634,48,631,Employed,Mortgage,0
31,72563,11972,36,663,Self-employed,Own,0
44,75751,20755,48,732,Unemployed,Rent,0
32,65857,22424,60,694,Self-employed,Own,0
37,68352,28321,36,673,Self-employed,Mortgage,0
32,72014,20045,60,675,Self-employed,Own,0
38,51477,25549,12,643,Unemployed,Own,0
28,47024,19168,48,682,Employed,Rent,0
54,35984,11666,24,694,Unemployed,Own,0
56,75430,12645,60,769,Self-employed,Own,0
49,50738,18816,36,745,Unemployed,Rent,0
40,71480,16209,12,753,Employed,Own,0
41,76344,18020,24,795,Self-employed,Own,0
27,53968,28843,36,714,Employed,Rent,0
45,77523,14987,12,681,Self-employed,Mortgage,0
49,89410,21656,12,760,Unemployed,Mortgage,0
42,47351,12996,48,666,Self-employed,Rent,0
23,51987,12168,24,759,Unemployed,Mortgage,0
28,59700,19794,12,714,Self-employed,Own,0
51,59721,17929,60,590,Unemployed,Mortgage,0
33,77979,14814,12,642,Unemployed,Mortgage,0
21,61127,18168,24,687,Unemployed,Mortgage,0
58,57385,26933,12,791,Self-employed,Own,0
19,32963,8454,36,655,Employed,Own,0
35,43034,21297,24,775,Self-employed,Rent,0
33,66017,21659,60,588,Employed,Own,0
27,62836,8818,36,679,Unemployed,Own,0
41,55566,20957,48,700,Employed,Mortgage,0
35,42295,16925,12,724,Unemployed,Own,0
29,68946,22457,12,670,Unemployed,Mortgage,0
42,72043,20133,48,708,Unemployed,Rent,0
49,55740,20239,48,746,Employed,Mortgage,0
17,51398,18793,12,765,Self-employed,Own,0
45,86243,16475,24,755,Employed,Mortgage,0
65,44569,20961,12,737,Self-employed,Mortgage,0
36,75688,20049,36,742,Employed,Rent,0
44,60452,11278,36,690,Employed,Own,0
45,68668,15647,60,757,Employed,Rent,0
62,73179,18810,12,639,Employed,Mortgage,0
45,68466,19613,48,699,Unemployed,Mortgage,0
44,55028,22487,60,659,Unemployed,Rent,0
38,68735,24788,60,775,Employed,Rent,0
44,67237,26274,60,778,Unemployed,Own,0
38,60916,27669,60,642,Unemployed,Mortgage,0
45,72470,28513,12,661,Self-employed,Own,0
44,74840,14992,24,681,Employed,Rent,0
23,63924,21795,60,683,Employed,Rent,0
41,52993,23995,48,575,Employed,Mortgage,0
55,42130,27601,12,673,Unemployed,Rent,0
23,56844,23623,48,620,Employed,Own,0
19,70930,22016,24,688,Unemployed,Mortgage,0
44,31303,17567,48,766,Self-employed,Rent,0
53,71207,22743,60,739,Employed,Own,0
36,83784,19290,60,731,Unemployed,Own,0
36,75703,30089,24,629,Employed,Rent,0
36,73695,19295,12,750,Self-employed,Mortgage,0
42,70511,22166,24,666,Unemployed,Rent,0
45,81892,16521,60,680,Unemployed,Mortgage,0
37,65321,20002,48,661,Employed,Rent,0
50,43405,20921,36,694,Employed,Own,0
45,71662,17234,48,655,Unemployed,Own,0
50,64238,11262,60,729,Self-employed,Mortgage,0
25,32952,39877,60,532,Self-employed,Rent,1
44,52864,24433,12,726,Unemployed,Rent,0
44,56201,24145,24,709,Unemployed,Rent,0
41,60082,20106,36,773,Employed,Mortgage,0
49,81857,18119,60,674,Unemployed,Mortgage,0
34,61424,20286,24,745,Unemployed,Own,0
33,77920,28169,60,670,Employed,Own,0
35,43656,11280,48,650,Employed,Mortgage,0
26,49786,33171,24,686,Employed,Rent,0
48,66257,23382,48,640,Self-employed,Own,0
46,56712,23770,24,653,Employed,Own,0
45,47040,23826,12,729,Employed,Own,0
45,78396,9516,24,729,Employed,Rent,0
29,58130,14522,12,753,Self-employed,Own,0
32,35654,13279,60,686,Employed,Mortgage,0
54,53325,12424,48,762,Employed,Own,0
23,52524,25806,60,707,Employed,Mortgage,0
13,52264,22983,24,709,Unemployed,Own,0
50,50778,25272,24,748,Employed,Own,0
43,604,33453,24,539,Employed,Mortgage,1
41,51593,22860,48,640,Employed,Mortgage,0
29,48274,24742,48,701,Employed,Rent,0
39,49069,19625,60,709,Unemployed,Mortgage,0
49,54202,26654,60,695,Employed,Mortgage,0
24,55905,9073,36,787,Employed,Rent,0
33,48762,20055,36,766,Self-employed,Own,0
53,65759,21855,48,626,Employed,Rent,0
36,60569,25357,60,662,Self-employed,Own,0
53,51520,19513,36,693,Employed,Rent,0
40,83751,27055,24,733,Employed,Mortgage,0
39,71992,25733,48,717,Employed,Rent,0
27,71384,21454,60,716,Unemployed,Own,0
49,66780,26760,36,717,Self-employed,Mortgage,0
27,57292,18030,24,697,Employed,Own,0
41,49680,19399,24,721,Employed,Own,0
52,47753,18251,36,687,Employed,Own,0
66,47564,26730,36,730,Self-employed,Mortgage,0
40,63049,20071,48,683,Unemployed,Own,0
27,81527,7950,12,616,Unemployed,Own,0
49,51773,16602,48,727,Employed,Mortgage,0
36,49330,20752,36,648,Employed,Own,0
47,63613,13603,60,706,Self-employed,Mortgage,0
30,89198,19052,48,671,Unemployed,Own,0
29,33132,30803,24,598,Unemployed,Own,1
34,99947,20221,36,709,Unemployed,Mortgage,0
46,34728,22690,60,688,Self-employed,Own,0
26,74174,18556,60,691,Unemployed,Rent,0
48,92812,22422,36,782,Self-employed,Own,0
16,87172,16683,36,681,Unemployed,Own,0
38,48917,20802,12,730,Self-employed,Rent,0
48,47395,22167,12,757,Self-employed,Mortgage,0
43,59398,16801,24,709,Self-employed,Rent,0
36,76267,12868,60,681,Unemployed,Own,0
29,56933,22969,48,619,Self-employed,Own,0
33,62963,21915,48,796,Unemployed,Own,0
43,68208,16289,24,700,Self-employed,Rent,0
17,32499,28617,48,670,Employed,Mortgage,0
36,39518,24234,36,770,Unemployed,Mortgage,0
39,60979,18437,60,760,Employed,Mortgage,0
45,64894,24037,24,746,Unemployed,Rent,0
35,67945,20526,36,724,Employed,Own,0
40,70026,12937,12,675,Unemployed,Mortgage,0
37,48336,25719,36,680,Employed,Own,0
33,94506,22039,36,711,Unemployed,Own,0
49,71671,25276,36,674,Unemployed,Rent,0
42,52677,22138,60,831,Employed,Mortgage,0
47,37132,14558,24,690,Unemployed,Rent,0
26,94363,26846,36,630,Employed,Rent,0
33,95012,12688,48,773,Self-employed,Own,0
44,67556,17607,60,730,Employed,Own,0
30,54573,15899,24,776,Employed,Rent,0
32,38279,30378,60,693,Employed,Mortgage,0
34,65218,18511,24,746,Unemployed,Rent,0
52,50044,26899,24,631,Unemployed,Mortgage,0
51,44048,23714,48,671,Self-employed,Mortgage,0
26,60087,23505,24,637,Employed,Mortgage,0
37,75411,12193,12,691,Employed,Mortgage,0
43,50672,22032,48,675,Unemployed,Rent,0
41,57134,20744,12,661,Unemployed,Own,0
35,64540,16210,24,677,Employed,Own,0
42,42248,12994,48,681,Unemployed,Own,0
44,56858,21754,60,710,Employed,Own,0
50,77356,24318,48,598,Unemployed,Mortgage,0
40,60955,19584,24,703,Employed,Mortgage,0
59,96973,22401,48,662,Self-employed,Mortgage,0
51,73287,21715,24,651,Employed,Mortgage,0
34,68265,11868,48,715,Self-employed,Rent,0
39,74346,11701,36,639,Unemployed,Mortgage,0
46,88299,14414,24,691,Unemployed,Mortgage,0
31,82820,18244,24,715,Self-employed,Mortgage,0
32,60490,15252,24,621,Self-employed,Mortgage,0
45,67921,18196,12,642,Unemployed,Mortgage,0
26,71014,24657,48,792,Self-employed,Mortgage,0
42,40554,11913,12,656,Employed,Rent,0
45,69530,16382,48,733,Unemployed,Mortgage,0
33,76560,21694,48,645,Self-employed,Rent,0
33,28588,20020,24,773,Unemployed,Rent,0
47,71732,19065,60,671,Unemployed,Mortgage,0
48,60469,14884,36,687,Self-employed,Mortgage,0
36,65092,24232,36,700,Employed,Mortgage,0
37,73491,25734,36,694,Unemployed,Rent,0
31,60875,22209,60,706,Self-employed,Mortgage,0
35,20990,36718,36,631,Employed,Rent,1
25,42800,21107,36,655,Unemployed,Mortgage,0
31,43850,15607,36,725,Self-employed,Rent,0
22,52083,16101,36,784,Employed,Own,0
41,71258,21867,48,609,Self-employed,Mortgage,0
39,50581,20439,12,743,Self-employed,Own,0
43,62525,22604,48,704,Unemployed,Rent,0
32,47515,17542,12,749,Self-employed,Mortgage,0
27,71413,14507,36,731,Unemployed,Mortgage,0
41,67863,17539,24,696,Self-employed,Own,0
24,54013,26119,60,756,Employed,Own,0
39,49740,18808,60,675,Self-employed,Own,0
36,58072,23870,12,742,Self-employed,Own,0
52,71453,10939,60,671,Self-employed,Mortgage,0
42,73820,19183,24,775,Unemployed,Rent,0
36,93213,20678,36,691,Unemployed,Rent,0
50,74645,16019,12,714,Employed,Own,0
33,45198,16427,12,744,Self-employed,Own,0
25,34426,22791,60,676,Self-employed,Rent,0
40,52026,11876,24,657,Self-employed,Mortgage,0
48,79642,29323,60,680,Employed,Own,0
45,53850,19686,48,680,Employed,Mortgage,0
45,33557,19771,12,670,Unemployed,Mortgage,0
48,48415,15635,48,644,Self-employed,Own,0
53,66218,19230,36,637,Employed,Rent,0
29,67202,15766,60,694,Self-employed,Own,0
48,58012,17406,24,701,Employed,Mortgage,0
38,82969,12655,36,705,Self-employed,Rent,0
42,50313,22498,12,632,Unemployed,Own,0
28,52742,19451,60,686,Unemployed,Mortgage,0
36,59225,22225,36,724,Unemployed,Rent,0
48,79667,21979,48,785,Employed,Rent,0
46,61094,17246,24,676,Self-employed,Rent,0
40,71270,20206,60,700,Unemployed,Rent,0
46,86536,16003,48,704,Self-employed,Rent,0
47,50059,26073,36,677,Employed,Own,0
27,34720,14579,24,683,Unemployed,Own,0
43,50607,21333,60,626,Employed,Rent,0
42,46653,23702,60,616,Employed,Mortgage,0
25,29554,17012,24,682,Employed,Rent,0
26,59535,23860,36,695,Unemployed,Mortgage,0
29,43187,24659,24,706,Self-employed,Rent,0
35,53187,17604,36,685,Employed,Rent,0
54,55870,20813,48,772,Employed,Rent,0
49,41781,2642,48,706,Unemployed,Mortgage,0
49,47278,17135,24,714,Employed,Rent,0
24,62847,20874,36,645,Unemployed,Rent,0
51,49669,17320,12,709,Employed,Own,0
35,55559,20824,24,708,Self-employed,Rent,0
21,61183,14609,60,686,Employed,Rent,0
29,50316,19045,60,670,Employed,Own,0
34,35396,14859,12,788,Self-employed,Rent,0
46,67409,20689,12,727,Employed,Rent,0
57,48793,10746,12,715,Unemployed,Mortgage,0
24,47577,13783,48,662,Self-employed,Mortgage,0
16,69755,16734,24,738,Self-employed,Mortgage,0
36,47742,16548,24,679,Unemployed,Mortgage,0
33,32465,26770,24,735,Unemployed,Own,0
53,72831,17338,48,737,Self-employed,Rent,0
34,32130,17503,12,746,Unemployed,Rent,0
61,69129,22911,48,669,Unemployed,Mortgage,0
49,54704,14322,12,731,Employed,Rent,0
45,25845,19198,48,610,Self-employed,Rent,0
42,56708,22253,12,700,Unemployed,Mortgage,0
36,67678,13833,36,689,Unemployed,Mortgage,0
52,59310,32050,60,723,Unemployed,Mortgage,0
51,61237,18491,48,684,Employed,Rent,0
23,52362,13229,48,643,Unemployed,Rent,0
64,66220,11463,12,734,Employed,Rent,0
48,65723,15456,60,675,Unemployed,Mortgage,0
38,72426,11411,36,680,Employed,Rent,0
31,56606,14653,12,718,Employed,Mortgage,0
42,53256,24703,36,736,Self-employed,Mortgage,0
40,55250,20199,48,717,Unemployed,Mortgage,0
34,73558,15532,24,690,Self-employed,Rent,0
42,43849,27954,60,737,Employed,Mortgage,0
55,73269,21807,60,651,Unemployed,Rent,0
48,67079,18996,36,668,Employed,Mortgage,0
48,43304,19111,48,718,Unemployed,Mortgage,0
47,54424,24851,36,667,Employed,Rent,0
49,23703,20833,60,743,Unemployed,Rent,0
22,53839,17481,24,760,Employed,Rent,0
51,63216,19254,12,722,Self-employed,Own,0
36,70854,24985,12,618,Employed,Rent,0
43,61025,18538,60,805,Self-employed,Mortgage,0
40,64377,14138,12,748,Self-employed,Rent,0
46,45115,24016,60,653,Self-employed,Rent,0
44,77568,23444,36,748,Self-employed,Mortgage,0
48,48993,22143,12,704,Unemployed,Mortgage,0
55,77367,11693,36,657,Self-employed,Mortgage,0
60,56672,22020,48,689,Self-employed,Mortgage,0
36,77498,16503,48,703,Self-employed,Own,0
35,70456,29547,24,640,Employed,Mortgage,0
33,26883,18098,48,725,Unemployed,Own,0
25,78205,28387,60,781,Self-employed,Own,0
44,67492,16437,48,617,Employed,Own,0
43,49375,17369,12,659,Self-employed,Mortgage,0
47,75188,20795,60,701,Employed,Own,0
29,70854,25592,12,680,Unemployed,Own,0
20,42104,20348,36,615,Self-employed,Mortgage,0
48,31512,12997,36,706,Employed,Own,0
31,56242,20769,12,712,Self-employed,Rent,0
37,56622,29010,24,672,Self-employed,Mortgage,0
50,73348,20266,60,680,Unemployed,Rent,0
21,32943,25998,36,648,Unemployed,Mortgage,0
33,65929,25076,60,590,Self-employed,Own,0
39,62215,11882,24,643,Unemployed,Rent,0
49,55271,25116,12,831,Self-employed,Own,0
41,62252,25855,12,670,Self-employed,Rent,0
29,62096,18720,24,720,Unemployed,Mortgage,0
50,55824,9178,24,656,Self-employed,Own,0
46,59639,15439,36,699,Employed,Rent,0
46,48149,21652,60,664,Employed,Rent,0
43,64201,13743,60,631,Employed,Mortgage,0
35,79087,18173,24,781,Employed,Mortgage,0
31,59048,25388,12,780,Employed,Mortgage,0
45,53281,15186,60,754,Self-employed,Mortgage,0
32,77822,16848,48,717,Unemployed,Rent,0
43,45787,16467,36,697,Self-employed,Mortgage,0
45,63618,16952,48,727,Self-employed,Own,0
25,57579,24449,36,659,Employed,Rent,0
37,65881,27064,60,660,Employed,Rent,0
35,68101,25437,24,648,Self-employed,Mortgage,0
44,56151,16936,60,756,Self-employed,Own,0
23,57036,22938,60,783,Unemployed,Rent,0
42,49338,28808,36,614,Unemployed,Mortgage,0
53,66738,19258,36,680,Self-employed,Own,0
37,64762,16396,60,641,Unemployed,Own,0
39,70424,21069,12,707,Self-employed,Own,0
39,73329,24762,48,716,Unemployed,Mortgage,0
37,46584,13954,12,685,Unemployed,Rent,0
44,73097,14226,60,603,Employed,Own,0
39,40862,15095,60,759,Employed,Rent,0
53,43419,22053,24,733,Unemployed,Own,0
40,50206,20684,24,763,Employed,Rent,0
38,65952,10821,12,684,Employed,Rent,0
46,69845,20155,36,701,Self-employed,Own,0
46,64249,24080,24,649,Employed,Mortgage,0
47,62173,18634,36,693,Unemployed,Rent,0
42,48962,12889,60,586,Unemployed,Own,0
35,91578,16668,24,744,Self-employed,Own,0
34,57118,16315,24,703,Self-employed,Own,0
21,63009,13914,12,604,Employed,Own,0
31,77180,23901,60,674,Employed,Rent,0
33,72544,16342,60,734,Unemployed,Own,0
42,70797,30706,60,691,Unemployed,Own,0
48,60743,19652,60,726,Unemployed,Own,0
39,81822,9822,60,687,Self-employed,Rent,0
5,100171,20337,12,673,Employed,Own,0
42,59547,24956,48,645,Employed,Rent,0
42,56454,22898,36,728,Unemployed,Rent,0
37,21834,27607,48,510,Employed,Own,1
52,30609,18249,60,754,Self-employed,Own,0
24,62112,20006,12,746,Unemployed,Mortgage,0
38,69500,18357,48,757,Unemployed,Mortgage,0
22,37223,13993,36,740,Unemployed,Mortgage,0
35,71580,3376,36,683,Employed,Rent,0
28,45398,22707,48,707,Self-employed,Rent,0
46,57085,8390,60,752,Unemployed,Mortgage,0
39,100313,20373,12,661,Employed,Own,0
35,50950,14554,36,653,Unemployed,Mortgage,0
45,88370,17003,12,638,Self-employed,Rent,0
31,64029,28205,48,702,Unemployed,Own,0
42,42552,19735,48,688,Unemployed,Rent,0
20,34517,21260,36,697,Unemployed,Own,0
35,61199,21668,36,692,Self-employed,Rent,0
30,65333,20075,36,701,Self-employed,Mortgage,0
31,53266,27739,36,622,Employed,Mortgage,0
47,81501,16615,36,659,Self-employed,Mortgage,0
37,43377,20979,12,720,Employed,Rent,0
33,61307,20547,48,692,Employed,Rent,0
22,67865,21160,48,727,Employed,Mortgage,0
39,46242,17910,24,752,Unemployed,Own,0
39,94998,17488,24,665,Self-employed,Mortgage,0
52,22114,12057,24,714,Unemployed,Own,0
52,44600,16175,60,675,Employed,Own,0
23,67064,20580,48,777,Unemployed,Mortgage,0
40,87170,27085,36,711,Self-employed,Mortgage,0
47,46877,26088,60,642,Unemployed,Own,0
14,87919,14960,36,727,Unemployed,Mortgage,0
50,61246,21659,12,785,Self-employed,Rent,0
36,38992,23205,60,671,Unemployed,Own,0
36,64064,17309,12,633,Unemployed,Rent,0
36,43344,9570,24,695,Self-employed,Rent,0
31,78368,23092,36,765,Self-employed,Mortgage,0
52,36709,24943,36,772,Unemployed,Own,0
53,43532,13514,60,698,Self-employed,Own,0
22,45861,24338,24,777,Employed,Own,0
28,87293,19575,60,688,Employed,Rent,0
52,83531,19172,60,646,Unemployed,Own,0
57,53274,13728,48,660,Unemployed,Rent,0
48,57422,22527,60,798,Unemployed,Own,0
51,47123,18917,48,838,Employed,Own,0
46,40602,23351,60,694,Employed,Own,0
36,43527,20281,12,711,Unemployed,Rent,0
22,42338,40154,36,475,Self-employed,Own,1
36,43488,21237,60,660,Unemployed,Own,0
57,48425,12373,12,617,Unemployed,Own,0
35,70536,14517,48,633,Employed,Own,0
49,69353,23406,48,649,Employed,Rent,0
41,71701,14868,12,678,Unemployed,Rent,0
39,48828,17848,24,668,Self-employed,Own,0
35,52393,24317,12,707,Self-employed,Own,0
44,41783,19863,12,695,Unemployed,Mortgage,0
36,70821,25268,12,723,Unemployed,Rent,0
43,57971,14477,60,687,Unemployed,Mortgage,0
43,68901,12317,48,666,Self-employed,Mortgage,0
63,46677,21309,60,676,Unemployed,Own,0
31,51337,23906,12,792,Self-employed,Mortgage,0
29,48312,14070,36,630,Self-employed,Own,0
39,53899,16712,24,718,Self-employed,Rent,0
50,62150,16194,48,716,Unemployed,Own,0
55,49398,24687,12,732,Employed,Mortgage,0
38,46706,22709,48,662,Employed,Own,0
45,80857,16507,12,564,Unemployed,Mortgage,0
40,62554,12363,60,568,Self-employed,Rent,0
18,78526,18507,60,746,Unemployed,Own,0
49,54675,18906,12,647,Employed,Rent,0
26,63829,11754,36,655,Unemployed,Own,0
44,71432,21345,48,687,Unemployed,Own,0
36,70621,25262,24,739,Self-employed,Rent,0
52,60501,17038,60,770,Employed,Rent,0
45,80526,24666,60,775,Employed,Rent,0
33,27566,23408,48,711,Self-employed,Mortgage,0
55,47694,11132,48,681,Self-employed,Mortgage,0
48,82186,18092,12,654,Self-employed,Own,0
24,45354,21259,36,711,Self-employed,Mortgage,0
19,37705,17268,60,685,Self-employed,Mortgage,0
28,79309,25975,12,769,Employed,Own,0
40,63334,21123,24,676,Unemployed,Mortgage,0
41,53583,17603,24,729,Unemployed,Own,0
33,53657,18651,60,756,Unemployed,Rent,0
38,26613,35856,12,544,Self-employed,Mortgage,1
57,65025,19676,36,813,Employed,Rent,0
36,44169,20765,60,665,Self-employed,Own,0
41,61765,19216,60,663,Unemployed,Own,0
31,94929,16689,24,628,Unemployed,Own,0
45,43028,7208,12,555,Employed,Own,0
54,62963,20961,24,769,Unemployed,Mortgage,0
43,48817,22341,12,731,Unemployed,Own,0
23,69494,18621,60,684,Employed,Mortgage,0
42,50261,25027,36,668,Unemployed,Mortgage,0
41,31560,20528,12,706,Unemployed,Rent,0
48,58584,21795,12,661,Self-employed,Own,0
39,45235,24242,24,684,Self-employed,Own,0
47,65388,21383,60,689,Unemployed,Mortgage,0
46,51092,26257,36,705,Self-employed,Own,0
38,72507,21111,60,554,Employed,Mortgage,0
25,30781,18720,60,792,Self-employed,Rent,0
49,45842,22599,24,656,Unemployed,Rent,0
53,48100,19628,12,742,Self-employed,Rent,0
20,14134,38058,24,534,Unemployed,Own,1
60,40081,28507,48,740,Self-employed,Rent,0
33,58632,16463,24,713,Unemployed,Rent,0
39,46099,21424,36,661,Self-employed,Rent,0
58,59772,18600,12,726,Unemployed,Rent,0
32,66939,16449,12,683,Unemployed,Mortgage,0
32,56920,23475,24,751,Self-employed,Own,0
41,38377,29949,36,653,Self-employed,Mortgage,0
45,57186,13441,12,721,Unemployed,Rent,0
43,63593,21245,24,715,Unemployed,Mortgage,0
41,52108,19339,12,680,Unemployed,Own,0
36,62872,14000,48,654,Unemployed,Mortgage,0
49,47873,19549,48,614,Self-employed,Rent,0
53,46898,20569,24,686,Unemployed,Own,0
42,40762,24620,48,692,Unemployed,Own,0
65,56016,25779,48,703,Unemployed,Own,0
35,82378,12232,48,639,Employed,Own,0
32,74738,13138,12,614,Self-employed,Rent,0
44,82110,19087,24,703,Employed,Rent,0
52,78405,22219,48,729,Employed,Own,0
50,32710,21480,60,793,Employed,Mortgage,0
20,23958,25259,24,718,Self-employed,Rent,0
31,61822,31096,24,715,Unemployed,Rent,0
46,69628,24980,60,609,Self-employed,Mortgage,0
29,75262,22480,60,733,Self-employed,Mortgage,0
36,40829,24904,36,701,Unemployed,Mortgage,0
50,65302,22744,36,687,Unemployed,Own,0
33,41713,24253,48,662,Self-employed,Own,0
52,50017,17657,24,613,Employed,Own,0
32,26862,21724,36,726,Unemployed,Rent,0
36,64536,23168,60,606,Unemployed,Rent,0
40,69664,30519,60,711,Employed,Own,0
36,79482,16933,36,690,Self-employed,Rent,0
41,66026,17035,12,697,Self-employed,Own,0
49,48614,25959,36,650,Self-employed,Rent,0
25,61632,21882,48,720,Unemployed,Mortgage,0
42,59578,22495,36,797,Unemployed,Mortgage,0
61,63380,23548,24,667,Employed,Rent,0
30,59705,23832,48,740,Employed,Rent,0
40,53068,14449,24,733,Self-employed,Rent,0
33,47463,14805,48,738,Unemployed,Rent,0
40,61309,24792,36,691,Unemployed,Mortgage,0
44,40780,28476,60,672,Employed,Own,0
43,70989,15019,60,614,Employed,Own,0
26,56565,17464,48,661,Employed,Own,0
36,61377,35309,60,657,Employed,Mortgage,0
41,63592,15192,60,674,Employed,Rent,0
39,55555,18437,48,694,Self-employed,Mortgage,0
39,55954,23495,60,628,Employed,Mortgage,0
47,36197,19220,60,675,Employed,Own,0
63,67416,28074,36,768,Employed,Rent,0
45,68296,18152,12,633,Employed,Mortgage,0
38,54467,19269,36,707,Unemployed,Mortgage,0
48,69625,27492,48,661,Self-employed,Own,0
55,68526,14688,48,759,Unemployed,Mortgage,0
17,16930,26708,36,693,Unemployed,Own,0
48,55486,20785,12,655,Unemployed,Mortgage,0
49,58454,26674,24,680,Employed,Own,0
33,45922,18147,24,696,Unemployed,Rent,0
33,66363,14925,60,668,Self-employed,Rent,0
53,49755,16014,24,701,Unemployed,Mortgage,0
46,62407,24207,48,659,Employed,Mortgage,0
35,59551,21218,24,715,Self-employed,Own,0
43,59797,19724,12,706,Self-employed,Mortgage,0
12,57971,20071,24,645,Unemployed,Mortgage,0
30,45462,20019,12,655,Self-employed,Rent,0
